frame.number,frame.time,ip.src,ip.len,ip.dst,ip.proto,tcp.srcport,tcp.dstport,tcp.ack,tcp.flags
"1","Mar 21, 2024 17:57:34.910450000 UTC","172.28.0.2","60","89.191.237.192","6","53536","443","0","0x0002"
"2","Mar 21, 2024 17:57:35.036244000 UTC","89.191.237.192","60","172.28.0.2","6","443","53536","1","0x0012"
"3","Mar 21, 2024 17:57:35.036480000 UTC","172.28.0.2","52","89.191.237.192","6","53536","443","1","0x0010"
"4","Mar 21, 2024 17:57:35.040823000 UTC","172.28.0.2","569","89.191.237.192","6","53536","443","1","0x0018"
"5","Mar 21, 2024 17:57:35.165949000 UTC","89.191.237.192","52","172.28.0.2","6","443","53536","518","0x0010"
"6","Mar 21, 2024 17:57:35.167354000 UTC","89.191.237.192","1500","172.28.0.2","6","443","53536","518","0x0010"
"7","Mar 21, 2024 17:57:35.167521000 UTC","172.28.0.2","52","89.191.237.192","6","53536","443","1449","0x0010"
"8","Mar 21, 2024 17:57:35.167356000 UTC","89.191.237.192","1741","172.28.0.2","6","443","53536","518","0x0018"
"9","Mar 21, 2024 17:57:35.167607000 UTC","172.28.0.2","52","89.191.237.192","6","53536","443","3138","0x0010"
"10","Mar 21, 2024 17:57:35.170465000 UTC","172.28.0.2","132","89.191.237.192","6","53536","443","3138","0x0018"
"11","Mar 21, 2024 17:57:35.170789000 UTC","172.28.0.2","98","89.191.237.192","6","53536","443","3138","0x0018"
"12","Mar 21, 2024 17:57:35.170884000 UTC","172.28.0.2","101","89.191.237.192","6","53536","443","3138","0x0018"
"13","Mar 21, 2024 17:57:35.170943000 UTC","172.28.0.2","87","89.191.237.192","6","53536","443","3138","0x0018"
"14","Mar 21, 2024 17:57:35.171024000 UTC","172.28.0.2","111","89.191.237.192","6","53536","443","3138","0x0018"
"15","Mar 21, 2024 17:57:35.295530000 UTC","89.191.237.192","339","172.28.0.2","6","443","53536","644","0x0018"
"16","Mar 21, 2024 17:57:35.295532000 UTC","89.191.237.192","339","172.28.0.2","6","443","53536","644","0x0018"
"17","Mar 21, 2024 17:57:35.295532000 UTC","89.191.237.192","114","172.28.0.2","6","443","53536","644","0x0018"
"18","Mar 21, 2024 17:57:35.295925000 UTC","172.28.0.2","52","89.191.237.192","6","53536","443","3774","0x0010"
"19","Mar 21, 2024 17:57:35.295986000 UTC","172.28.0.2","83","89.191.237.192","6","53536","443","3774","0x0018"
"20","Mar 21, 2024 17:57:35.296040000 UTC","89.191.237.192","52","172.28.0.2","6","443","53536","787","0x0010"
"21","Mar 21, 2024 17:57:35.296041000 UTC","89.191.237.192","309","172.28.0.2","6","443","53536","787","0x0018"
"22","Mar 21, 2024 17:57:35.296937000 UTC","89.191.237.192","8740","172.28.0.2","6","443","53536","787","0x0010"
"23","Mar 21, 2024 17:57:35.297092000 UTC","172.28.0.2","52","89.191.237.192","6","53536","443","12719","0x0010"
"24","Mar 21, 2024 17:57:35.420972000 UTC","89.191.237.192","4396","172.28.0.2","6","443","53536","787","0x0010"
"25","Mar 21, 2024 17:57:35.421144000 UTC","172.28.0.2","52","89.191.237.192","6","53536","443","17063","0x0010"
"26","Mar 21, 2024 17:57:35.421305000 UTC","89.191.237.192","1500","172.28.0.2","6","443","53536","787","0x0010"
"27","Mar 21, 2024 17:57:35.421379000 UTC","172.28.0.2","52","89.191.237.192","6","53536","443","18511","0x0010"
"28","Mar 21, 2024 17:57:35.421750000 UTC","89.191.237.192","2948","172.28.0.2","6","443","53536","818","0x0010"
"29","Mar 21, 2024 17:57:35.421824000 UTC","172.28.0.2","52","89.191.237.192","6","53536","443","21407","0x0010"
"30","Mar 21, 2024 17:57:35.422284000 UTC","89.191.237.192","4396","172.28.0.2","6","443","53536","818","0x0010"
"31","Mar 21, 2024 17:57:35.422383000 UTC","172.28.0.2","52","89.191.237.192","6","53536","443","25751","0x0010"
"32","Mar 21, 2024 17:57:35.422457000 UTC","89.191.237.192","15980","172.28.0.2","6","443","53536","818","0x0010"
"33","Mar 21, 2024 17:57:35.422612000 UTC","172.28.0.2","52","89.191.237.192","6","53536","443","41679","0x0010"
"34","Mar 21, 2024 17:57:35.545989000 UTC","89.191.237.192","8740","172.28.0.2","6","443","53536","818","0x0010"
"35","Mar 21, 2024 17:57:35.546209000 UTC","172.28.0.2","52","89.191.237.192","6","53536","443","50367","0x0010"
"36","Mar 21, 2024 17:57:35.546655000 UTC","89.191.237.192","2948","172.28.0.2","6","443","53536","818","0x0010"
"37","Mar 21, 2024 17:57:35.546749000 UTC","172.28.0.2","52","89.191.237.192","6","53536","443","53263","0x0010"
"38","Mar 21, 2024 17:57:35.547322000 UTC","89.191.237.192","5844","172.28.0.2","6","443","53536","818","0x0010"
"39","Mar 21, 2024 17:57:35.547419000 UTC","172.28.0.2","52","89.191.237.192","6","53536","443","59055","0x0010"
"40","Mar 21, 2024 17:57:35.547794000 UTC","89.191.237.192","8740","172.28.0.2","6","443","53536","818","0x0010"
"41","Mar 21, 2024 17:57:35.547904000 UTC","172.28.0.2","52","89.191.237.192","6","53536","443","67743","0x0010"
"42","Mar 21, 2024 17:57:35.548140000 UTC","89.191.237.192","8740","172.28.0.2","6","443","53536","818","0x0018"
"43","Mar 21, 2024 17:57:35.548248000 UTC","172.28.0.2","52","89.191.237.192","6","53536","443","76431","0x0010"
"44","Mar 21, 2024 17:57:35.548461000 UTC","89.191.237.192","23220","172.28.0.2","6","443","53536","818","0x0010"
"45","Mar 21, 2024 17:57:35.548616000 UTC","172.28.0.2","52","89.191.237.192","6","53536","443","99599","0x0010"
"46","Mar 21, 2024 17:57:35.671550000 UTC","89.191.237.192","17428","172.28.0.2","6","443","53536","818","0x0010"
"47","Mar 21, 2024 17:57:35.671805000 UTC","172.28.0.2","52","89.191.237.192","6","53536","443","116975","0x0010"
"48","Mar 21, 2024 17:57:35.672071000 UTC","89.191.237.192","5844","172.28.0.2","6","443","53536","818","0x0010"
"49","Mar 21, 2024 17:57:35.672157000 UTC","172.28.0.2","52","89.191.237.192","6","53536","443","122767","0x0010"
"50","Mar 21, 2024 17:57:35.672711000 UTC","89.191.237.192","1500","172.28.0.2","6","443","53536","818","0x0010"
"51","Mar 21, 2024 17:57:35.672798000 UTC","172.28.0.2","52","89.191.237.192","6","53536","443","124215","0x0010"
"52","Mar 21, 2024 17:57:35.672945000 UTC","89.191.237.192","10188","172.28.0.2","6","443","53536","818","0x0010"
"53","Mar 21, 2024 17:57:35.673035000 UTC","172.28.0.2","52","89.191.237.192","6","53536","443","134351","0x0010"
"54","Mar 21, 2024 17:57:35.673434000 UTC","89.191.237.192","23220","172.28.0.2","6","443","53536","818","0x0010"
"55","Mar 21, 2024 17:57:35.673575000 UTC","172.28.0.2","52","89.191.237.192","6","53536","443","157519","0x0010"
"56","Mar 21, 2024 17:57:35.673787000 UTC","89.191.237.192","11636","172.28.0.2","6","443","53536","818","0x0010"
"57","Mar 21, 2024 17:57:35.673887000 UTC","172.28.0.2","52","89.191.237.192","6","53536","443","169103","0x0010"
"58","Mar 21, 2024 17:57:35.674373000 UTC","89.191.237.192","46388","172.28.0.2","6","443","53536","818","0x0010"
"59","Mar 21, 2024 17:57:35.674640000 UTC","172.28.0.2","52","89.191.237.192","6","53536","443","215439","0x0010"
"60","Mar 21, 2024 17:57:35.797049000 UTC","89.191.237.192","33356","172.28.0.2","6","443","53536","818","0x0010"
"61","Mar 21, 2024 17:57:35.797387000 UTC","172.28.0.2","52","89.191.237.192","6","53536","443","248743","0x0010"
"62","Mar 21, 2024 17:57:35.797969000 UTC","89.191.237.192","2948","172.28.0.2","6","443","53536","818","0x0010"
"63","Mar 21, 2024 17:57:35.798061000 UTC","172.28.0.2","52","89.191.237.192","6","53536","443","251639","0x0010"
"64","Mar 21, 2024 17:57:35.798562000 UTC","89.191.237.192","8740","172.28.0.2","6","443","53536","818","0x0010"
"65","Mar 21, 2024 17:57:35.798719000 UTC","172.28.0.2","52","89.191.237.192","6","53536","443","260327","0x0010"
"66","Mar 21, 2024 17:57:35.799034000 UTC","89.191.237.192","24668","172.28.0.2","6","443","53536","818","0x0010"
"67","Mar 21, 2024 17:57:35.799201000 UTC","172.28.0.2","52","89.191.237.192","6","53536","443","284943","0x0010"
"68","Mar 21, 2024 17:57:35.799911000 UTC","89.191.237.192","40596","172.28.0.2","6","443","53536","818","0x0010"
"69","Mar 21, 2024 17:57:35.799913000 UTC","89.191.237.192","27564","172.28.0.2","6","443","53536","818","0x0010"
"70","Mar 21, 2024 17:57:35.800309000 UTC","172.28.0.2","52","89.191.237.192","6","53536","443","352999","0x0010"
"71","Mar 21, 2024 17:57:35.800265000 UTC","89.191.237.192","5844","172.28.0.2","6","443","53536","818","0x0010"
"72","Mar 21, 2024 17:57:35.800827000 UTC","172.28.0.2","52","89.191.237.192","6","53536","443","358791","0x0010"
"73","Mar 21, 2024 17:57:35.800267000 UTC","89.191.237.192","29892","172.28.0.2","6","443","53536","818","0x0018"
"74","Mar 21, 2024 17:57:35.801097000 UTC","172.28.0.2","52","89.191.237.192","6","53536","443","388631","0x0010"
"75","Mar 21, 2024 17:57:35.801580000 UTC","172.28.0.2","76","89.191.237.192","6","53536","443","388631","0x0018"
"76","Mar 21, 2024 17:57:35.801713000 UTC","172.28.0.2","52","89.191.237.192","6","53536","443","388631","0x0011"
"77","Mar 21, 2024 17:57:35.927061000 UTC","89.191.237.192","52","172.28.0.2","6","443","53536","843","0x0011"
"78","Mar 21, 2024 17:57:35.927256000 UTC","172.28.0.2","52","89.191.237.192","6","53536","443","388632","0x0010"
"79","Mar 21, 2024 17:59:03.564258000 UTC","172.28.0.2","60","89.191.237.192","6","60612","443","0","0x0002"
"80","Mar 21, 2024 17:59:03.689623000 UTC","89.191.237.192","60","172.28.0.2","6","443","60612","1","0x0012"
"81","Mar 21, 2024 17:59:03.689831000 UTC","172.28.0.2","52","89.191.237.192","6","60612","443","1","0x0010"
"82","Mar 21, 2024 17:59:03.693886000 UTC","172.28.0.2","569","89.191.237.192","6","60612","443","1","0x0018"
"83","Mar 21, 2024 17:59:03.819174000 UTC","89.191.237.192","52","172.28.0.2","6","443","60612","518","0x0010"
"84","Mar 21, 2024 17:59:03.820389000 UTC","89.191.237.192","3189","172.28.0.2","6","443","60612","518","0x0018"
"85","Mar 21, 2024 17:59:03.820532000 UTC","172.28.0.2","52","89.191.237.192","6","60612","443","3138","0x0010"
"86","Mar 21, 2024 17:59:03.822973000 UTC","172.28.0.2","132","89.191.237.192","6","60612","443","3138","0x0018"
"87","Mar 21, 2024 17:59:03.823293000 UTC","172.28.0.2","98","89.191.237.192","6","60612","443","3138","0x0018"
"88","Mar 21, 2024 17:59:03.823419000 UTC","172.28.0.2","101","89.191.237.192","6","60612","443","3138","0x0018"
"89","Mar 21, 2024 17:59:03.823499000 UTC","172.28.0.2","87","89.191.237.192","6","60612","443","3138","0x0018"
"90","Mar 21, 2024 17:59:03.823603000 UTC","172.28.0.2","111","89.191.237.192","6","60612","443","3138","0x0018"
"91","Mar 21, 2024 17:59:03.947410000 UTC","89.191.237.192","339","172.28.0.2","6","443","60612","598","0x0018"
"92","Mar 21, 2024 17:59:03.947756000 UTC","89.191.237.192","339","172.28.0.2","6","443","60612","598","0x0018"
"93","Mar 21, 2024 17:59:03.947757000 UTC","89.191.237.192","114","172.28.0.2","6","443","60612","598","0x0018"
"94","Mar 21, 2024 17:59:03.947758000 UTC","89.191.237.192","52","172.28.0.2","6","443","60612","728","0x0010"
"95","Mar 21, 2024 17:59:03.947758000 UTC","89.191.237.192","83","172.28.0.2","6","443","60612","728","0x0018"
"96","Mar 21, 2024 17:59:03.947970000 UTC","172.28.0.2","83","89.191.237.192","6","60612","443","3805","0x0018"
"97","Mar 21, 2024 17:59:03.948296000 UTC","89.191.237.192","8740","172.28.0.2","6","443","60612","787","0x0010"
"98","Mar 21, 2024 17:59:03.948433000 UTC","172.28.0.2","52","89.191.237.192","6","60612","443","12493","0x0010"
"99","Mar 21, 2024 17:59:04.072275000 UTC","89.191.237.192","7292","172.28.0.2","6","443","60612","818","0x0010"
"100","Mar 21, 2024 17:59:04.072506000 UTC","172.28.0.2","52","89.191.237.192","6","60612","443","19733","0x0010"
"101","Mar 21, 2024 17:59:04.072849000 UTC","89.191.237.192","4396","172.28.0.2","6","443","60612","818","0x0010"
"102","Mar 21, 2024 17:59:04.072941000 UTC","172.28.0.2","52","89.191.237.192","6","60612","443","24077","0x0010"
"103","Mar 21, 2024 17:59:04.073044000 UTC","89.191.237.192","17428","172.28.0.2","6","443","60612","818","0x0010"
"104","Mar 21, 2024 17:59:04.073298000 UTC","172.28.0.2","52","89.191.237.192","6","60612","443","41453","0x0010"
"105","Mar 21, 2024 17:59:04.197178000 UTC","89.191.237.192","14532","172.28.0.2","6","443","60612","818","0x0010"
"106","Mar 21, 2024 17:59:04.197424000 UTC","172.28.0.2","52","89.191.237.192","6","60612","443","55933","0x0010"
"107","Mar 21, 2024 17:59:04.197770000 UTC","89.191.237.192","8740","172.28.0.2","6","443","60612","818","0x0010"
"108","Mar 21, 2024 17:59:04.197887000 UTC","172.28.0.2","52","89.191.237.192","6","60612","443","64621","0x0010"
"109","Mar 21, 2024 17:59:04.197977000 UTC","89.191.237.192","2948","172.28.0.2","6","443","60612","818","0x0010"
"110","Mar 21, 2024 17:59:04.198040000 UTC","172.28.0.2","52","89.191.237.192","6","60612","443","67517","0x0010"
"111","Mar 21, 2024 17:59:04.198092000 UTC","89.191.237.192","8740","172.28.0.2","6","443","60612","818","0x0018"
"112","Mar 21, 2024 17:59:04.198171000 UTC","172.28.0.2","52","89.191.237.192","6","60612","443","76205","0x0010"
"113","Mar 21, 2024 17:59:04.198344000 UTC","89.191.237.192","14532","172.28.0.2","6","443","60612","818","0x0010"
"114","Mar 21, 2024 17:59:04.198465000 UTC","172.28.0.2","52","89.191.237.192","6","60612","443","90685","0x0010"
"115","Mar 21, 2024 17:59:04.322169000 UTC","89.191.237.192","23220","172.28.0.2","6","443","60612","818","0x0010"
"116","Mar 21, 2024 17:59:04.322426000 UTC","172.28.0.2","52","89.191.237.192","6","60612","443","113853","0x0010"
"117","Mar 21, 2024 17:59:04.322639000 UTC","89.191.237.192","31908","172.28.0.2","6","443","60612","818","0x0010"
"118","Mar 21, 2024 17:59:04.322828000 UTC","172.28.0.2","52","89.191.237.192","6","60612","443","145709","0x0010"
"119","Mar 21, 2024 17:59:04.323155000 UTC","89.191.237.192","5844","172.28.0.2","6","443","60612","818","0x0010"
"120","Mar 21, 2024 17:59:04.323245000 UTC","172.28.0.2","52","89.191.237.192","6","60612","443","151501","0x0010"
"121","Mar 21, 2024 17:59:04.323321000 UTC","89.191.237.192","20324","172.28.0.2","6","443","60612","818","0x0018"
"122","Mar 21, 2024 17:59:04.323460000 UTC","172.28.0.2","52","89.191.237.192","6","60612","443","171773","0x0010"
"123","Mar 21, 2024 17:59:04.323322000 UTC","89.191.237.192","20324","172.28.0.2","6","443","60612","818","0x0010"
"124","Mar 21, 2024 17:59:04.323633000 UTC","89.191.237.192","5844","172.28.0.2","6","443","60612","818","0x0010"
"125","Mar 21, 2024 17:59:04.323750000 UTC","172.28.0.2","52","89.191.237.192","6","60612","443","197837","0x0010"
"126","Mar 21, 2024 17:59:04.447421000 UTC","89.191.237.192","46388","172.28.0.2","6","443","60612","818","0x0010"
"127","Mar 21, 2024 17:59:04.447795000 UTC","172.28.0.2","52","89.191.237.192","6","60612","443","244173","0x0010"
"128","Mar 21, 2024 17:59:04.447988000 UTC","89.191.237.192","46388","172.28.0.2","6","443","60612","818","0x0010"
"129","Mar 21, 2024 17:59:04.448372000 UTC","89.191.237.192","29012","172.28.0.2","6","443","60612","818","0x0010"
"130","Mar 21, 2024 17:59:04.448554000 UTC","89.191.237.192","17428","172.28.0.2","6","443","60612","818","0x0010"
"131","Mar 21, 2024 17:59:04.448756000 UTC","89.191.237.192","23220","172.28.0.2","6","443","60612","818","0x0010"
"132","Mar 21, 2024 17:59:04.448943000 UTC","89.191.237.192","21772","172.28.0.2","6","443","60612","818","0x0010"
"133","Mar 21, 2024 17:59:04.448945000 UTC","89.191.237.192","1500","172.28.0.2","6","443","60612","818","0x0010"
"134","Mar 21, 2024 17:59:04.448946000 UTC","89.191.237.192","5479","172.28.0.2","6","443","60612","818","0x0018"
"135","Mar 21, 2024 17:59:04.449738000 UTC","172.28.0.2","52","89.191.237.192","6","60612","443","388608","0x0010"
"136","Mar 21, 2024 17:59:04.451421000 UTC","172.28.0.2","76","89.191.237.192","6","60612","443","388608","0x0018"
"137","Mar 21, 2024 17:59:04.451645000 UTC","172.28.0.2","52","89.191.237.192","6","60612","443","388608","0x0011"
"138","Mar 21, 2024 17:59:04.576147000 UTC","89.191.237.192","52","172.28.0.2","6","443","60612","843","0x0011"
"139","Mar 21, 2024 17:59:04.576364000 UTC","172.28.0.2","52","89.191.237.192","6","60612","443","388609","0x0010"
"140","Mar 21, 2024 18:00:25.084597000 UTC","172.28.0.2","60","185.79.236.174","6","43694","443","0","0x0002"
"141","Mar 21, 2024 18:00:25.212247000 UTC","185.79.236.174","60","172.28.0.2","6","443","43694","1","0x0012"
"142","Mar 21, 2024 18:00:25.212449000 UTC","172.28.0.2","52","185.79.236.174","6","43694","443","1","0x0010"
"143","Mar 21, 2024 18:00:25.215307000 UTC","172.28.0.2","569","185.79.236.174","6","43694","443","1","0x0018"
"144","Mar 21, 2024 18:00:25.342307000 UTC","185.79.236.174","52","172.28.0.2","6","443","43694","518","0x0010"
"145","Mar 21, 2024 18:00:25.344984000 UTC","185.79.236.174","3189","172.28.0.2","6","443","43694","518","0x0018"
"146","Mar 21, 2024 18:00:25.345148000 UTC","172.28.0.2","52","185.79.236.174","6","43694","443","3138","0x0010"
"147","Mar 21, 2024 18:00:25.347121000 UTC","172.28.0.2","132","185.79.236.174","6","43694","443","3138","0x0018"
"148","Mar 21, 2024 18:00:25.347427000 UTC","172.28.0.2","98","185.79.236.174","6","43694","443","3138","0x0018"
"149","Mar 21, 2024 18:00:25.347514000 UTC","172.28.0.2","101","185.79.236.174","6","43694","443","3138","0x0018"
"150","Mar 21, 2024 18:00:25.347563000 UTC","172.28.0.2","87","185.79.236.174","6","43694","443","3138","0x0018"
"151","Mar 21, 2024 18:00:25.347631000 UTC","172.28.0.2","111","185.79.236.174","6","43694","443","3138","0x0018"
"152","Mar 21, 2024 18:00:25.474246000 UTC","185.79.236.174","339","172.28.0.2","6","443","43694","598","0x0018"
"153","Mar 21, 2024 18:00:25.474636000 UTC","185.79.236.174","339","172.28.0.2","6","443","43694","644","0x0018"
"154","Mar 21, 2024 18:00:25.474637000 UTC","185.79.236.174","123","172.28.0.2","6","443","43694","693","0x0018"
"155","Mar 21, 2024 18:00:25.474638000 UTC","185.79.236.174","52","172.28.0.2","6","443","43694","787","0x0010"
"156","Mar 21, 2024 18:00:25.474809000 UTC","172.28.0.2","52","185.79.236.174","6","43694","443","3783","0x0010"
"157","Mar 21, 2024 18:00:25.474895000 UTC","172.28.0.2","83","185.79.236.174","6","43694","443","3783","0x0018"
"158","Mar 21, 2024 18:00:25.475061000 UTC","185.79.236.174","10188","172.28.0.2","6","443","43694","787","0x0010"
"159","Mar 21, 2024 18:00:25.475148000 UTC","172.28.0.2","52","185.79.236.174","6","43694","443","13919","0x0010"
"160","Mar 21, 2024 18:00:25.601782000 UTC","185.79.236.174","5844","172.28.0.2","6","443","43694","787","0x0010"
"161","Mar 21, 2024 18:00:25.601984000 UTC","172.28.0.2","52","185.79.236.174","6","43694","443","19711","0x0010"
"162","Mar 21, 2024 18:00:25.602346000 UTC","185.79.236.174","23220","172.28.0.2","6","443","43694","818","0x0010"
"163","Mar 21, 2024 18:00:25.602520000 UTC","172.28.0.2","52","185.79.236.174","6","43694","443","42879","0x0010"
"164","Mar 21, 2024 18:00:25.729492000 UTC","185.79.236.174","11636","172.28.0.2","6","443","43694","818","0x0010"
"165","Mar 21, 2024 18:00:25.729714000 UTC","172.28.0.2","52","185.79.236.174","6","43694","443","54463","0x0010"
"166","Mar 21, 2024 18:00:25.729495000 UTC","185.79.236.174","5844","172.28.0.2","6","443","43694","818","0x0010"
"167","Mar 21, 2024 18:00:25.729496000 UTC","185.79.236.174","17428","172.28.0.2","6","443","43694","818","0x0018"
"168","Mar 21, 2024 18:00:25.729497000 UTC","185.79.236.174","23220","172.28.0.2","6","443","43694","818","0x0010"
"169","Mar 21, 2024 18:00:25.730107000 UTC","172.28.0.2","52","185.79.236.174","6","43694","443","100799","0x0010"
"170","Mar 21, 2024 18:00:25.857012000 UTC","185.79.236.174","23220","172.28.0.2","6","443","43694","818","0x0010"
"171","Mar 21, 2024 18:00:25.857274000 UTC","172.28.0.2","52","185.79.236.174","6","43694","443","123967","0x0010"
"172","Mar 21, 2024 18:00:25.857568000 UTC","185.79.236.174","56524","172.28.0.2","6","443","43694","818","0x0010"
"173","Mar 21, 2024 18:00:25.857863000 UTC","172.28.0.2","52","185.79.236.174","6","43694","443","180439","0x0010"
"174","Mar 21, 2024 18:00:25.857572000 UTC","185.79.236.174","23220","172.28.0.2","6","443","43694","818","0x0010"
"175","Mar 21, 2024 18:00:25.858038000 UTC","172.28.0.2","52","185.79.236.174","6","43694","443","203607","0x0010"
"176","Mar 21, 2024 18:00:25.984371000 UTC","185.79.236.174","56524","172.28.0.2","6","443","43694","818","0x0010"
"177","Mar 21, 2024 18:00:25.984731000 UTC","172.28.0.2","52","185.79.236.174","6","43694","443","260079","0x0010"
"178","Mar 21, 2024 18:00:25.984373000 UTC","185.79.236.174","2948","172.28.0.2","6","443","43694","818","0x0010"
"179","Mar 21, 2024 18:00:25.985323000 UTC","172.28.0.2","52","185.79.236.174","6","43694","443","262975","0x0010"
"180","Mar 21, 2024 18:00:25.987164000 UTC","185.79.236.174","20324","172.28.0.2","6","443","43694","818","0x0010"
"181","Mar 21, 2024 18:00:25.987388000 UTC","172.28.0.2","52","185.79.236.174","6","43694","443","283247","0x0010"
"182","Mar 21, 2024 18:00:25.987167000 UTC","185.79.236.174","56524","172.28.0.2","6","443","43694","818","0x0010"
"183","Mar 21, 2024 18:00:25.987673000 UTC","172.28.0.2","52","185.79.236.174","6","43694","443","339719","0x0010"
"184","Mar 21, 2024 18:00:25.987168000 UTC","185.79.236.174","37700","172.28.0.2","6","443","43694","818","0x0010"
"185","Mar 21, 2024 18:00:25.987900000 UTC","172.28.0.2","52","185.79.236.174","6","43694","443","377367","0x0010"
"186","Mar 21, 2024 18:00:25.987169000 UTC","185.79.236.174","11294","172.28.0.2","6","443","43694","818","0x0018"
"187","Mar 21, 2024 18:00:25.988030000 UTC","172.28.0.2","52","185.79.236.174","6","43694","443","388609","0x0010"
"188","Mar 21, 2024 18:00:25.996274000 UTC","172.28.0.2","76","185.79.236.174","6","43694","443","388609","0x0018"
"189","Mar 21, 2024 18:00:25.996880000 UTC","172.28.0.2","52","185.79.236.174","6","43694","443","388609","0x0011"
"190","Mar 21, 2024 18:00:26.127259000 UTC","185.79.236.174","52","172.28.0.2","6","443","43694","843","0x0011"
"191","Mar 21, 2024 18:00:26.127406000 UTC","172.28.0.2","52","185.79.236.174","6","43694","443","388610","0x0010"
"192","Mar 21, 2024 18:01:46.778261000 UTC","172.28.0.2","60","89.191.237.192","6","48244","443","0","0x0002"
"193","Mar 21, 2024 18:01:46.904191000 UTC","89.191.237.192","60","172.28.0.2","6","443","48244","1","0x0012"
"194","Mar 21, 2024 18:01:46.904438000 UTC","172.28.0.2","52","89.191.237.192","6","48244","443","1","0x0010"
"195","Mar 21, 2024 18:01:46.908432000 UTC","172.28.0.2","569","89.191.237.192","6","48244","443","1","0x0018"
"196","Mar 21, 2024 18:01:47.033855000 UTC","89.191.237.192","52","172.28.0.2","6","443","48244","518","0x0010"
"197","Mar 21, 2024 18:01:47.036122000 UTC","89.191.237.192","3189","172.28.0.2","6","443","48244","518","0x0018"
"198","Mar 21, 2024 18:01:47.036372000 UTC","172.28.0.2","52","89.191.237.192","6","48244","443","3138","0x0010"
"199","Mar 21, 2024 18:01:47.039195000 UTC","172.28.0.2","132","89.191.237.192","6","48244","443","3138","0x0018"
"200","Mar 21, 2024 18:01:47.039743000 UTC","172.28.0.2","98","89.191.237.192","6","48244","443","3138","0x0018"
"201","Mar 21, 2024 18:01:47.039872000 UTC","172.28.0.2","101","89.191.237.192","6","48244","443","3138","0x0018"
"202","Mar 21, 2024 18:01:47.039960000 UTC","172.28.0.2","87","89.191.237.192","6","48244","443","3138","0x0018"
"203","Mar 21, 2024 18:01:47.040067000 UTC","172.28.0.2","111","89.191.237.192","6","48244","443","3138","0x0018"
"204","Mar 21, 2024 18:01:47.164968000 UTC","89.191.237.192","339","172.28.0.2","6","443","48244","598","0x0018"
"205","Mar 21, 2024 18:01:47.164971000 UTC","89.191.237.192","339","172.28.0.2","6","443","48244","598","0x0018"
"206","Mar 21, 2024 18:01:47.164973000 UTC","89.191.237.192","114","172.28.0.2","6","443","48244","598","0x0018"
"207","Mar 21, 2024 18:01:47.164974000 UTC","89.191.237.192","52","172.28.0.2","6","443","48244","728","0x0010"
"208","Mar 21, 2024 18:01:47.165610000 UTC","172.28.0.2","52","89.191.237.192","6","48244","443","3774","0x0010"
"209","Mar 21, 2024 18:01:47.165727000 UTC","172.28.0.2","83","89.191.237.192","6","48244","443","3774","0x0018"
"210","Mar 21, 2024 18:01:47.165825000 UTC","89.191.237.192","83","172.28.0.2","6","443","48244","728","0x0018"
"211","Mar 21, 2024 18:01:47.166378000 UTC","89.191.237.192","8740","172.28.0.2","6","443","48244","787","0x0010"
"212","Mar 21, 2024 18:01:47.166513000 UTC","172.28.0.2","52","89.191.237.192","6","48244","443","12493","0x0010"
"213","Mar 21, 2024 18:01:47.290971000 UTC","89.191.237.192","5844","172.28.0.2","6","443","48244","787","0x0010"
"214","Mar 21, 2024 18:01:47.291222000 UTC","172.28.0.2","52","89.191.237.192","6","48244","443","18285","0x0010"
"215","Mar 21, 2024 18:01:47.291435000 UTC","89.191.237.192","2948","172.28.0.2","6","443","48244","818","0x0010"
"216","Mar 21, 2024 18:01:47.291536000 UTC","172.28.0.2","52","89.191.237.192","6","48244","443","21181","0x0010"
"217","Mar 21, 2024 18:01:47.291703000 UTC","89.191.237.192","20324","172.28.0.2","6","443","48244","818","0x0010"
"218","Mar 21, 2024 18:01:47.291843000 UTC","172.28.0.2","52","89.191.237.192","6","48244","443","41453","0x0010"
"219","Mar 21, 2024 18:01:47.416459000 UTC","89.191.237.192","1500","172.28.0.2","6","443","48244","818","0x0010"
"220","Mar 21, 2024 18:01:47.416688000 UTC","172.28.0.2","52","89.191.237.192","6","48244","443","42901","0x0010"
"221","Mar 21, 2024 18:01:47.416871000 UTC","89.191.237.192","7292","172.28.0.2","6","443","48244","818","0x0010"
"222","Mar 21, 2024 18:01:47.416992000 UTC","172.28.0.2","52","89.191.237.192","6","48244","443","50141","0x0010"
"223","Mar 21, 2024 18:01:47.416874000 UTC","89.191.237.192","8740","172.28.0.2","6","443","48244","818","0x0010"
"224","Mar 21, 2024 18:01:47.417133000 UTC","172.28.0.2","52","89.191.237.192","6","48244","443","58829","0x0010"
"225","Mar 21, 2024 18:01:47.417225000 UTC","89.191.237.192","17428","172.28.0.2","6","443","48244","818","0x0018"
"226","Mar 21, 2024 18:01:47.417227000 UTC","89.191.237.192","1500","172.28.0.2","6","443","48244","818","0x0010"
"227","Mar 21, 2024 18:01:47.417429000 UTC","89.191.237.192","21772","172.28.0.2","6","443","48244","818","0x0010"
"228","Mar 21, 2024 18:01:47.417598000 UTC","172.28.0.2","52","89.191.237.192","6","48244","443","99373","0x0010"
"229","Mar 21, 2024 18:01:47.541908000 UTC","89.191.237.192","2948","172.28.0.2","6","443","48244","818","0x0010"
"230","Mar 21, 2024 18:01:47.542111000 UTC","172.28.0.2","52","89.191.237.192","6","48244","443","102269","0x0010"
"231","Mar 21, 2024 18:01:47.542617000 UTC","89.191.237.192","31908","172.28.0.2","6","443","48244","818","0x0010"
"232","Mar 21, 2024 18:01:47.542815000 UTC","172.28.0.2","52","89.191.237.192","6","48244","443","134125","0x0010"
"233","Mar 21, 2024 18:01:47.543077000 UTC","89.191.237.192","14532","172.28.0.2","6","443","48244","818","0x0010"
"234","Mar 21, 2024 18:01:47.543186000 UTC","172.28.0.2","52","89.191.237.192","6","48244","443","148605","0x0010"
"235","Mar 21, 2024 18:01:47.543078000 UTC","89.191.237.192","11636","172.28.0.2","6","443","48244","818","0x0010"
"236","Mar 21, 2024 18:01:47.543302000 UTC","172.28.0.2","52","89.191.237.192","6","48244","443","160189","0x0010"
"237","Mar 21, 2024 18:01:47.543079000 UTC","89.191.237.192","11636","172.28.0.2","6","443","48244","818","0x0010"
"238","Mar 21, 2024 18:01:47.543427000 UTC","172.28.0.2","52","89.191.237.192","6","48244","443","171773","0x0010"
"239","Mar 21, 2024 18:01:47.543080000 UTC","89.191.237.192","18876","172.28.0.2","6","443","48244","818","0x0010"
"240","Mar 21, 2024 18:01:47.543549000 UTC","172.28.0.2","52","89.191.237.192","6","48244","443","190597","0x0010"
"241","Mar 21, 2024 18:01:47.666822000 UTC","89.191.237.192","5844","172.28.0.2","6","443","48244","818","0x0010"
"242","Mar 21, 2024 18:01:47.667038000 UTC","172.28.0.2","52","89.191.237.192","6","48244","443","196389","0x0010"
"243","Mar 21, 2024 18:01:47.667272000 UTC","89.191.237.192","11636","172.28.0.2","6","443","48244","818","0x0010"
"244","Mar 21, 2024 18:01:47.667399000 UTC","172.28.0.2","52","89.191.237.192","6","48244","443","207973","0x0010"
"245","Mar 21, 2024 18:01:47.667274000 UTC","89.191.237.192","10188","172.28.0.2","6","443","48244","818","0x0010"
"246","Mar 21, 2024 18:01:47.667505000 UTC","172.28.0.2","52","89.191.237.192","6","48244","443","218109","0x0010"
"247","Mar 21, 2024 18:01:47.667557000 UTC","89.191.237.192","2948","172.28.0.2","6","443","48244","818","0x0010"
"248","Mar 21, 2024 18:01:47.667602000 UTC","172.28.0.2","52","89.191.237.192","6","48244","443","221005","0x0010"
"249","Mar 21, 2024 18:01:47.667558000 UTC","89.191.237.192","8740","172.28.0.2","6","443","48244","818","0x0010"
"250","Mar 21, 2024 18:01:47.667689000 UTC","172.28.0.2","52","89.191.237.192","6","48244","443","229693","0x0010"
"251","Mar 21, 2024 18:01:47.667559000 UTC","89.191.237.192","14532","172.28.0.2","6","443","48244","818","0x0010"
"252","Mar 21, 2024 18:01:47.667793000 UTC","172.28.0.2","52","89.191.237.192","6","48244","443","244173","0x0010"
"253","Mar 21, 2024 18:01:47.667847000 UTC","89.191.237.192","4396","172.28.0.2","6","443","48244","818","0x0010"
"254","Mar 21, 2024 18:01:47.667928000 UTC","172.28.0.2","52","89.191.237.192","6","48244","443","248517","0x0010"
"255","Mar 21, 2024 18:01:47.667848000 UTC","89.191.237.192","27564","172.28.0.2","6","443","48244","818","0x0010"
"256","Mar 21, 2024 18:01:47.668190000 UTC","172.28.0.2","52","89.191.237.192","6","48244","443","276029","0x0010"
"257","Mar 21, 2024 18:01:47.668272000 UTC","89.191.237.192","7292","172.28.0.2","6","443","48244","818","0x0010"
"258","Mar 21, 2024 18:01:47.668373000 UTC","172.28.0.2","52","89.191.237.192","6","48244","443","283269","0x0010"
"259","Mar 21, 2024 18:01:47.668556000 UTC","89.191.237.192","49284","172.28.0.2","6","443","48244","818","0x0010"
"260","Mar 21, 2024 18:01:47.668792000 UTC","172.28.0.2","52","89.191.237.192","6","48244","443","332501","0x0010"
"261","Mar 21, 2024 18:01:47.668867000 UTC","89.191.237.192","2948","172.28.0.2","6","443","48244","818","0x0010"
"262","Mar 21, 2024 18:01:47.668868000 UTC","89.191.237.192","14532","172.28.0.2","6","443","48244","818","0x0010"
"263","Mar 21, 2024 18:01:47.669059000 UTC","89.191.237.192","15980","172.28.0.2","6","443","48244","818","0x0010"
"264","Mar 21, 2024 18:01:47.669061000 UTC","89.191.237.192","22878","172.28.0.2","6","443","48244","818","0x0018"
"265","Mar 21, 2024 18:01:47.677623000 UTC","172.28.0.2","52","89.191.237.192","6","48244","443","388631","0x0010"
"266","Mar 21, 2024 18:01:47.681997000 UTC","172.28.0.2","76","89.191.237.192","6","48244","443","388631","0x0018"
"267","Mar 21, 2024 18:01:47.682291000 UTC","172.28.0.2","52","89.191.237.192","6","48244","443","388631","0x0011"
"268","Mar 21, 2024 18:01:47.808401000 UTC","89.191.237.192","52","172.28.0.2","6","443","48244","843","0x0011"
"269","Mar 21, 2024 18:01:47.808585000 UTC","172.28.0.2","52","89.191.237.192","6","48244","443","388632","0x0010"
"270","Mar 21, 2024 18:03:07.622935000 UTC","172.28.0.2","60","89.191.237.192","6","51558","443","0","0x0002"
"271","Mar 21, 2024 18:03:07.748107000 UTC","89.191.237.192","60","172.28.0.2","6","443","51558","1","0x0012"
"272","Mar 21, 2024 18:03:07.748330000 UTC","172.28.0.2","52","89.191.237.192","6","51558","443","1","0x0010"
"273","Mar 21, 2024 18:03:07.751253000 UTC","172.28.0.2","569","89.191.237.192","6","51558","443","1","0x0018"
"274","Mar 21, 2024 18:03:07.875752000 UTC","89.191.237.192","52","172.28.0.2","6","443","51558","518","0x0010"
"275","Mar 21, 2024 18:03:07.877200000 UTC","89.191.237.192","3189","172.28.0.2","6","443","51558","518","0x0018"
"276","Mar 21, 2024 18:03:07.877390000 UTC","172.28.0.2","52","89.191.237.192","6","51558","443","3138","0x0010"
"277","Mar 21, 2024 18:03:07.879594000 UTC","172.28.0.2","132","89.191.237.192","6","51558","443","3138","0x0018"
"278","Mar 21, 2024 18:03:07.879887000 UTC","172.28.0.2","98","89.191.237.192","6","51558","443","3138","0x0018"
"279","Mar 21, 2024 18:03:07.879965000 UTC","172.28.0.2","101","89.191.237.192","6","51558","443","3138","0x0018"
"280","Mar 21, 2024 18:03:07.880019000 UTC","172.28.0.2","87","89.191.237.192","6","51558","443","3138","0x0018"
"281","Mar 21, 2024 18:03:07.880092000 UTC","172.28.0.2","111","89.191.237.192","6","51558","443","3138","0x0018"
"282","Mar 21, 2024 18:03:08.003867000 UTC","89.191.237.192","339","172.28.0.2","6","443","51558","598","0x0018"
"283","Mar 21, 2024 18:03:08.004105000 UTC","89.191.237.192","339","172.28.0.2","6","443","51558","598","0x0018"
"284","Mar 21, 2024 18:03:08.004106000 UTC","89.191.237.192","114","172.28.0.2","6","443","51558","598","0x0018"
"285","Mar 21, 2024 18:03:08.004268000 UTC","89.191.237.192","52","172.28.0.2","6","443","51558","787","0x0010"
"286","Mar 21, 2024 18:03:08.004269000 UTC","89.191.237.192","308","172.28.0.2","6","443","51558","787","0x0018"
"287","Mar 21, 2024 18:03:08.004391000 UTC","89.191.237.192","7292","172.28.0.2","6","443","51558","787","0x0010"
"288","Mar 21, 2024 18:03:08.004594000 UTC","172.28.0.2","52","89.191.237.192","6","51558","443","11270","0x0010"
"289","Mar 21, 2024 18:03:08.004761000 UTC","172.28.0.2","83","89.191.237.192","6","51558","443","11270","0x0018"
"290","Mar 21, 2024 18:03:08.004825000 UTC","89.191.237.192","1500","172.28.0.2","6","443","51558","787","0x0010"
"291","Mar 21, 2024 18:03:08.005029000 UTC","172.28.0.2","52","89.191.237.192","6","51558","443","12718","0x0010"
"292","Mar 21, 2024 18:03:08.128766000 UTC","89.191.237.192","5844","172.28.0.2","6","443","51558","787","0x0010"
"293","Mar 21, 2024 18:03:08.129028000 UTC","172.28.0.2","52","89.191.237.192","6","51558","443","18510","0x0010"
"294","Mar 21, 2024 18:03:08.129125000 UTC","89.191.237.192","20324","172.28.0.2","6","443","51558","787","0x0010"
"295","Mar 21, 2024 18:03:08.129324000 UTC","172.28.0.2","52","89.191.237.192","6","51558","443","38782","0x0010"
"296","Mar 21, 2024 18:03:08.129547000 UTC","89.191.237.192","2948","172.28.0.2","6","443","51558","818","0x0010"
"297","Mar 21, 2024 18:03:08.129636000 UTC","172.28.0.2","52","89.191.237.192","6","51558","443","41678","0x0010"
"298","Mar 21, 2024 18:03:08.253234000 UTC","89.191.237.192","7292","172.28.0.2","6","443","51558","818","0x0010"
"299","Mar 21, 2024 18:03:08.253451000 UTC","172.28.0.2","52","89.191.237.192","6","51558","443","48918","0x0010"
"300","Mar 21, 2024 18:03:08.253703000 UTC","89.191.237.192","4396","172.28.0.2","6","443","51558","818","0x0010"
"301","Mar 21, 2024 18:03:08.253779000 UTC","172.28.0.2","52","89.191.237.192","6","51558","443","53262","0x0010"
"302","Mar 21, 2024 18:03:08.253899000 UTC","89.191.237.192","5844","172.28.0.2","6","443","51558","818","0x0010"
"303","Mar 21, 2024 18:03:08.253984000 UTC","172.28.0.2","52","89.191.237.192","6","51558","443","59054","0x0010"
"304","Mar 21, 2024 18:03:08.253900000 UTC","89.191.237.192","15980","172.28.0.2","6","443","51558","818","0x0018"
"305","Mar 21, 2024 18:03:08.254113000 UTC","172.28.0.2","64","89.191.237.192","6","51558","443","59054","0x0010"
"306","Mar 21, 2024 18:03:08.254496000 UTC","89.191.237.192","17428","172.28.0.2","6","443","51558","818","0x0010"
"307","Mar 21, 2024 18:03:08.254639000 UTC","172.28.0.2","64","89.191.237.192","6","51558","443","59054","0x0010"
"308","Mar 21, 2024 18:03:08.254688000 UTC","89.191.237.192","5844","172.28.0.2","6","443","51558","818","0x0010"
"309","Mar 21, 2024 18:03:08.254745000 UTC","172.28.0.2","64","89.191.237.192","6","51558","443","59054","0x0010"
"310","Mar 21, 2024 18:03:08.377640000 UTC","89.191.237.192","14532","172.28.0.2","6","443","51558","818","0x0010"
"311","Mar 21, 2024 18:03:08.378041000 UTC","89.191.237.192","5844","172.28.0.2","6","443","51558","818","0x0010"
"312","Mar 21, 2024 18:03:08.378042000 UTC","89.191.237.192","1500","172.28.0.2","6","443","51558","818","0x0010"
"313","Mar 21, 2024 18:03:08.378196000 UTC","172.28.0.2","52","89.191.237.192","6","51558","443","119870","0x0010"
"314","Mar 21, 2024 18:03:08.378264000 UTC","89.191.237.192","15980","172.28.0.2","6","443","51558","818","0x0010"
"315","Mar 21, 2024 18:03:08.378541000 UTC","172.28.0.2","52","89.191.237.192","6","51558","443","135798","0x0010"
"316","Mar 21, 2024 18:03:08.379275000 UTC","89.191.237.192","23220","172.28.0.2","6","443","51558","818","0x0010"
"317","Mar 21, 2024 18:03:08.379581000 UTC","172.28.0.2","52","89.191.237.192","6","51558","443","158966","0x0010"
"318","Mar 21, 2024 18:03:08.502082000 UTC","89.191.237.192","13084","172.28.0.2","6","443","51558","818","0x0018"
"319","Mar 21, 2024 18:03:08.502343000 UTC","172.28.0.2","52","89.191.237.192","6","51558","443","171998","0x0010"
"320","Mar 21, 2024 18:03:08.502652000 UTC","89.191.237.192","14532","172.28.0.2","6","443","51558","818","0x0010"
"321","Mar 21, 2024 18:03:08.502771000 UTC","172.28.0.2","52","89.191.237.192","6","51558","443","186478","0x0010"
"322","Mar 21, 2024 18:03:08.502874000 UTC","89.191.237.192","13084","172.28.0.2","6","443","51558","818","0x0010"
"323","Mar 21, 2024 18:03:08.502981000 UTC","172.28.0.2","52","89.191.237.192","6","51558","443","199510","0x0010"
"324","Mar 21, 2024 18:03:08.503704000 UTC","89.191.237.192","4396","172.28.0.2","6","443","51558","818","0x0010"
"325","Mar 21, 2024 18:03:08.503814000 UTC","172.28.0.2","52","89.191.237.192","6","51558","443","203854","0x0010"
"326","Mar 21, 2024 18:03:08.504580000 UTC","89.191.237.192","23220","172.28.0.2","6","443","51558","818","0x0010"
"327","Mar 21, 2024 18:03:08.504739000 UTC","172.28.0.2","52","89.191.237.192","6","51558","443","227022","0x0010"
"328","Mar 21, 2024 18:03:08.628001000 UTC","89.191.237.192","5844","172.28.0.2","6","443","51558","818","0x0010"
"329","Mar 21, 2024 18:03:08.628235000 UTC","172.28.0.2","52","89.191.237.192","6","51558","443","232814","0x0010"
"330","Mar 21, 2024 18:03:08.628553000 UTC","89.191.237.192","34804","172.28.0.2","6","443","51558","818","0x0010"
"331","Mar 21, 2024 18:03:08.628873000 UTC","172.28.0.2","52","89.191.237.192","6","51558","443","267566","0x0010"
"332","Mar 21, 2024 18:03:08.629023000 UTC","89.191.237.192","2948","172.28.0.2","6","443","51558","818","0x0010"
"333","Mar 21, 2024 18:03:08.629088000 UTC","172.28.0.2","52","89.191.237.192","6","51558","443","270462","0x0010"
"334","Mar 21, 2024 18:03:08.630613000 UTC","89.191.237.192","26116","172.28.0.2","6","443","51558","818","0x0010"
"335","Mar 21, 2024 18:03:08.630926000 UTC","172.28.0.2","52","89.191.237.192","6","51558","443","296526","0x0010"
"336","Mar 21, 2024 18:03:08.753354000 UTC","89.191.237.192","5844","172.28.0.2","6","443","51558","818","0x0010"
"337","Mar 21, 2024 18:03:08.753787000 UTC","172.28.0.2","52","89.191.237.192","6","51558","443","302318","0x0010"
"338","Mar 21, 2024 18:03:08.754605000 UTC","89.191.237.192","26116","172.28.0.2","6","443","51558","818","0x0010"
"339","Mar 21, 2024 18:03:08.754848000 UTC","172.28.0.2","52","89.191.237.192","6","51558","443","328382","0x0010"
"340","Mar 21, 2024 18:03:08.754608000 UTC","89.191.237.192","11636","172.28.0.2","6","443","51558","818","0x0010"
"341","Mar 21, 2024 18:03:08.755012000 UTC","172.28.0.2","52","89.191.237.192","6","51558","443","339966","0x0010"
"342","Mar 21, 2024 18:03:08.756976000 UTC","89.191.237.192","26116","172.28.0.2","6","443","51558","818","0x0010"
"343","Mar 21, 2024 18:03:08.757222000 UTC","172.28.0.2","52","89.191.237.192","6","51558","443","366030","0x0010"
"344","Mar 21, 2024 18:03:08.878903000 UTC","89.191.237.192","7292","172.28.0.2","6","443","51558","818","0x0010"
"345","Mar 21, 2024 18:03:08.879152000 UTC","172.28.0.2","52","89.191.237.192","6","51558","443","373270","0x0010"
"346","Mar 21, 2024 18:03:08.880275000 UTC","89.191.237.192","15390","172.28.0.2","6","443","51558","818","0x0018"
"347","Mar 21, 2024 18:03:08.880469000 UTC","172.28.0.2","52","89.191.237.192","6","51558","443","388608","0x0010"
"348","Mar 21, 2024 18:03:08.880884000 UTC","172.28.0.2","76","89.191.237.192","6","51558","443","388608","0x0018"
"349","Mar 21, 2024 18:03:08.881000000 UTC","172.28.0.2","52","89.191.237.192","6","51558","443","388608","0x0011"
"350","Mar 21, 2024 18:03:09.005153000 UTC","89.191.237.192","52","172.28.0.2","6","443","51558","843","0x0011"
"351","Mar 21, 2024 18:03:09.005414000 UTC","172.28.0.2","52","89.191.237.192","6","51558","443","388609","0x0010"
"352","Mar 21, 2024 18:04:28.766922000 UTC","172.28.0.2","60","89.191.237.192","6","48840","443","0","0x0002"
"353","Mar 21, 2024 18:04:28.892440000 UTC","89.191.237.192","60","172.28.0.2","6","443","48840","1","0x0012"
"354","Mar 21, 2024 18:04:28.892671000 UTC","172.28.0.2","52","89.191.237.192","6","48840","443","1","0x0010"
"355","Mar 21, 2024 18:04:28.895525000 UTC","172.28.0.2","569","89.191.237.192","6","48840","443","1","0x0018"
"356","Mar 21, 2024 18:04:29.020597000 UTC","89.191.237.192","52","172.28.0.2","6","443","48840","518","0x0010"
"357","Mar 21, 2024 18:04:29.022472000 UTC","89.191.237.192","3189","172.28.0.2","6","443","48840","518","0x0018"
"358","Mar 21, 2024 18:04:29.022675000 UTC","172.28.0.2","52","89.191.237.192","6","48840","443","3138","0x0010"
"359","Mar 21, 2024 18:04:29.025014000 UTC","172.28.0.2","132","89.191.237.192","6","48840","443","3138","0x0018"
"360","Mar 21, 2024 18:04:29.025540000 UTC","172.28.0.2","98","89.191.237.192","6","48840","443","3138","0x0018"
"361","Mar 21, 2024 18:04:29.025724000 UTC","172.28.0.2","101","89.191.237.192","6","48840","443","3138","0x0018"
"362","Mar 21, 2024 18:04:29.025829000 UTC","172.28.0.2","87","89.191.237.192","6","48840","443","3138","0x0018"
"363","Mar 21, 2024 18:04:29.025973000 UTC","172.28.0.2","111","89.191.237.192","6","48840","443","3138","0x0018"
"364","Mar 21, 2024 18:04:29.150177000 UTC","89.191.237.192","339","172.28.0.2","6","443","48840","598","0x0018"
"365","Mar 21, 2024 18:04:29.150179000 UTC","89.191.237.192","339","172.28.0.2","6","443","48840","598","0x0018"
"366","Mar 21, 2024 18:04:29.150180000 UTC","89.191.237.192","114","172.28.0.2","6","443","48840","644","0x0018"
"367","Mar 21, 2024 18:04:29.150782000 UTC","89.191.237.192","52","172.28.0.2","6","443","48840","787","0x0010"
"368","Mar 21, 2024 18:04:29.150783000 UTC","89.191.237.192","308","172.28.0.2","6","443","48840","787","0x0018"
"369","Mar 21, 2024 18:04:29.150988000 UTC","172.28.0.2","83","89.191.237.192","6","48840","443","4030","0x0018"
"370","Mar 21, 2024 18:04:29.151178000 UTC","89.191.237.192","8740","172.28.0.2","6","443","48840","787","0x0010"
"371","Mar 21, 2024 18:04:29.151291000 UTC","172.28.0.2","52","89.191.237.192","6","48840","443","12718","0x0010"
"372","Mar 21, 2024 18:04:29.276461000 UTC","89.191.237.192","29012","172.28.0.2","6","443","48840","818","0x0010"
"373","Mar 21, 2024 18:04:29.276862000 UTC","172.28.0.2","52","89.191.237.192","6","48840","443","41678","0x0010"
"374","Mar 21, 2024 18:04:29.401920000 UTC","89.191.237.192","34804","172.28.0.2","6","443","48840","818","0x0018"
"375","Mar 21, 2024 18:04:29.402325000 UTC","172.28.0.2","52","89.191.237.192","6","48840","443","76430","0x0010"
"376","Mar 21, 2024 18:04:29.402459000 UTC","89.191.237.192","23220","172.28.0.2","6","443","48840","818","0x0010"
"377","Mar 21, 2024 18:04:29.402662000 UTC","172.28.0.2","52","89.191.237.192","6","48840","443","99598","0x0010"
"378","Mar 21, 2024 18:04:29.527210000 UTC","89.191.237.192","5844","172.28.0.2","6","443","48840","818","0x0010"
"379","Mar 21, 2024 18:04:29.527466000 UTC","172.28.0.2","52","89.191.237.192","6","48840","443","105390","0x0010"
"380","Mar 21, 2024 18:04:29.527588000 UTC","89.191.237.192","56524","172.28.0.2","6","443","48840","818","0x0010"
"381","Mar 21, 2024 18:04:29.527842000 UTC","172.28.0.2","52","89.191.237.192","6","48840","443","161862","0x0010"
"382","Mar 21, 2024 18:04:29.527590000 UTC","89.191.237.192","7292","172.28.0.2","6","443","48840","818","0x0010"
"383","Mar 21, 2024 18:04:29.527591000 UTC","89.191.237.192","2948","172.28.0.2","6","443","48840","818","0x0018"
"384","Mar 21, 2024 18:04:29.528005000 UTC","89.191.237.192","14532","172.28.0.2","6","443","48840","818","0x0010"
"385","Mar 21, 2024 18:04:29.528152000 UTC","172.28.0.2","52","89.191.237.192","6","48840","443","186478","0x0010"
"386","Mar 21, 2024 18:04:29.653263000 UTC","89.191.237.192","56524","172.28.0.2","6","443","48840","818","0x0010"
"387","Mar 21, 2024 18:04:29.653673000 UTC","172.28.0.2","52","89.191.237.192","6","48840","443","242950","0x0010"
"388","Mar 21, 2024 18:04:29.653750000 UTC","89.191.237.192","11636","172.28.0.2","6","443","48840","818","0x0010"
"389","Mar 21, 2024 18:04:29.653970000 UTC","89.191.237.192","46388","172.28.0.2","6","443","48840","818","0x0010"
"390","Mar 21, 2024 18:04:29.654385000 UTC","172.28.0.2","52","89.191.237.192","6","48840","443","300870","0x0010"
"391","Mar 21, 2024 18:04:29.654487000 UTC","89.191.237.192","39148","172.28.0.2","6","443","48840","818","0x0010"
"392","Mar 21, 2024 18:04:29.654728000 UTC","172.28.0.2","52","89.191.237.192","6","48840","443","339966","0x0010"
"393","Mar 21, 2024 18:04:29.778627000 UTC","89.191.237.192","48694","172.28.0.2","6","443","48840","818","0x0018"
"394","Mar 21, 2024 18:04:29.779152000 UTC","172.28.0.2","52","89.191.237.192","6","48840","443","388608","0x0010"
"395","Mar 21, 2024 18:04:29.788870000 UTC","172.28.0.2","76","89.191.237.192","6","48840","443","388608","0x0018"
"396","Mar 21, 2024 18:04:29.789217000 UTC","172.28.0.2","52","89.191.237.192","6","48840","443","388608","0x0011"
"397","Mar 21, 2024 18:04:29.944717000 UTC","89.191.237.192","52","172.28.0.2","6","443","48840","843","0x0011"
"398","Mar 21, 2024 18:04:29.944959000 UTC","172.28.0.2","52","89.191.237.192","6","48840","443","388609","0x0010"
"399","Mar 21, 2024 18:05:59.104836000 UTC","172.28.0.2","60","89.191.237.192","6","54908","443","0","0x0002"
"400","Mar 21, 2024 18:05:59.230315000 UTC","89.191.237.192","60","172.28.0.2","6","443","54908","1","0x0012"
"401","Mar 21, 2024 18:05:59.230560000 UTC","172.28.0.2","52","89.191.237.192","6","54908","443","1","0x0010"
"402","Mar 21, 2024 18:05:59.233879000 UTC","172.28.0.2","569","89.191.237.192","6","54908","443","1","0x0018"
"403","Mar 21, 2024 18:05:59.358764000 UTC","89.191.237.192","52","172.28.0.2","6","443","54908","518","0x0010"
"404","Mar 21, 2024 18:05:59.360276000 UTC","89.191.237.192","3189","172.28.0.2","6","443","54908","518","0x0018"
"405","Mar 21, 2024 18:05:59.360543000 UTC","172.28.0.2","52","89.191.237.192","6","54908","443","3138","0x0010"
"406","Mar 21, 2024 18:05:59.364777000 UTC","172.28.0.2","132","89.191.237.192","6","54908","443","3138","0x0018"
"407","Mar 21, 2024 18:05:59.365196000 UTC","172.28.0.2","98","89.191.237.192","6","54908","443","3138","0x0018"
"408","Mar 21, 2024 18:05:59.365377000 UTC","172.28.0.2","101","89.191.237.192","6","54908","443","3138","0x0018"
"409","Mar 21, 2024 18:05:59.365488000 UTC","172.28.0.2","87","89.191.237.192","6","54908","443","3138","0x0018"
"410","Mar 21, 2024 18:05:59.365610000 UTC","172.28.0.2","111","89.191.237.192","6","54908","443","3138","0x0018"
"411","Mar 21, 2024 18:05:59.489359000 UTC","89.191.237.192","339","172.28.0.2","6","443","54908","598","0x0018"
"412","Mar 21, 2024 18:05:59.489694000 UTC","89.191.237.192","339","172.28.0.2","6","443","54908","598","0x0018"
"413","Mar 21, 2024 18:05:59.489696000 UTC","89.191.237.192","114","172.28.0.2","6","443","54908","644","0x0018"
"414","Mar 21, 2024 18:05:59.489875000 UTC","89.191.237.192","52","172.28.0.2","6","443","54908","728","0x0010"
"415","Mar 21, 2024 18:05:59.489876000 UTC","89.191.237.192","83","172.28.0.2","6","443","54908","728","0x0018"
"416","Mar 21, 2024 18:05:59.490054000 UTC","89.191.237.192","2948","172.28.0.2","6","443","54908","787","0x0010"
"417","Mar 21, 2024 18:05:59.490150000 UTC","89.191.237.192","5844","172.28.0.2","6","443","54908","787","0x0010"
"418","Mar 21, 2024 18:05:59.490279000 UTC","172.28.0.2","52","89.191.237.192","6","54908","443","12493","0x0010"
"419","Mar 21, 2024 18:05:59.490665000 UTC","172.28.0.2","83","89.191.237.192","6","54908","443","12493","0x0018"
"420","Mar 21, 2024 18:05:59.614964000 UTC","89.191.237.192","29012","172.28.0.2","6","443","54908","787","0x0010"
"421","Mar 21, 2024 18:05:59.615430000 UTC","172.28.0.2","52","89.191.237.192","6","54908","443","41453","0x0010"
"422","Mar 21, 2024 18:05:59.654538000 UTC","89.191.237.192","52","172.28.0.2","6","443","54908","818","0x0010"
"423","Mar 21, 2024 18:05:59.740305000 UTC","89.191.237.192","10188","172.28.0.2","6","443","54908","818","0x0010"
"424","Mar 21, 2024 18:05:59.740631000 UTC","172.28.0.2","52","89.191.237.192","6","54908","443","51589","0x0010"
"425","Mar 21, 2024 18:05:59.740762000 UTC","89.191.237.192","24668","172.28.0.2","6","443","54908","818","0x0018"
"426","Mar 21, 2024 18:05:59.740934000 UTC","172.28.0.2","52","89.191.237.192","6","54908","443","76205","0x0010"
"427","Mar 21, 2024 18:05:59.741024000 UTC","89.191.237.192","23220","172.28.0.2","6","443","54908","818","0x0010"
"428","Mar 21, 2024 18:05:59.741213000 UTC","172.28.0.2","52","89.191.237.192","6","54908","443","99373","0x0010"
"429","Mar 21, 2024 18:05:59.865544000 UTC","89.191.237.192","37700","172.28.0.2","6","443","54908","818","0x0010"
"430","Mar 21, 2024 18:05:59.866063000 UTC","172.28.0.2","52","89.191.237.192","6","54908","443","137021","0x0010"
"431","Mar 21, 2024 18:05:59.866588000 UTC","89.191.237.192","31908","172.28.0.2","6","443","54908","818","0x0010"
"432","Mar 21, 2024 18:05:59.866881000 UTC","172.28.0.2","52","89.191.237.192","6","54908","443","168877","0x0010"
"433","Mar 21, 2024 18:05:59.866985000 UTC","89.191.237.192","2948","172.28.0.2","6","443","54908","818","0x0018"
"434","Mar 21, 2024 18:05:59.867070000 UTC","172.28.0.2","52","89.191.237.192","6","54908","443","171773","0x0010"
"435","Mar 21, 2024 18:05:59.867353000 UTC","89.191.237.192","29012","172.28.0.2","6","443","54908","818","0x0010"
"436","Mar 21, 2024 18:05:59.867750000 UTC","172.28.0.2","52","89.191.237.192","6","54908","443","200733","0x0010"
"437","Mar 21, 2024 18:05:59.991001000 UTC","89.191.237.192","31908","172.28.0.2","6","443","54908","818","0x0010"
"438","Mar 21, 2024 18:05:59.991418000 UTC","172.28.0.2","52","89.191.237.192","6","54908","443","232589","0x0010"
"439","Mar 21, 2024 18:05:59.991814000 UTC","89.191.237.192","8740","172.28.0.2","6","443","54908","818","0x0010"
"440","Mar 21, 2024 18:05:59.991967000 UTC","172.28.0.2","52","89.191.237.192","6","54908","443","241277","0x0010"
"441","Mar 21, 2024 18:05:59.991816000 UTC","89.191.237.192","46388","172.28.0.2","6","443","54908","818","0x0010"
"442","Mar 21, 2024 18:05:59.992321000 UTC","172.28.0.2","52","89.191.237.192","6","54908","443","287613","0x0010"
"443","Mar 21, 2024 18:05:59.992458000 UTC","89.191.237.192","2948","172.28.0.2","6","443","54908","818","0x0010"
"444","Mar 21, 2024 18:05:59.992550000 UTC","172.28.0.2","52","89.191.237.192","6","54908","443","290509","0x0010"
"445","Mar 21, 2024 18:05:59.992460000 UTC","89.191.237.192","21772","172.28.0.2","6","443","54908","818","0x0010"
"446","Mar 21, 2024 18:05:59.992773000 UTC","172.28.0.2","52","89.191.237.192","6","54908","443","312229","0x0010"
"447","Mar 21, 2024 18:05:59.992461000 UTC","89.191.237.192","21772","172.28.0.2","6","443","54908","818","0x0010"
"448","Mar 21, 2024 18:05:59.992985000 UTC","172.28.0.2","52","89.191.237.192","6","54908","443","333949","0x0010"
"449","Mar 21, 2024 18:05:59.993092000 UTC","89.191.237.192","26116","172.28.0.2","6","443","54908","818","0x0010"
"450","Mar 21, 2024 18:05:59.993295000 UTC","172.28.0.2","52","89.191.237.192","6","54908","443","360013","0x0010"
"451","Mar 21, 2024 18:05:59.993094000 UTC","89.191.237.192","1500","172.28.0.2","6","443","54908","818","0x0010"
"452","Mar 21, 2024 18:05:59.993464000 UTC","172.28.0.2","52","89.191.237.192","6","54908","443","361461","0x0010"
"453","Mar 21, 2024 18:05:59.993941000 UTC","89.191.237.192","27200","172.28.0.2","6","443","54908","818","0x0018"
"454","Mar 21, 2024 18:05:59.994161000 UTC","172.28.0.2","52","89.191.237.192","6","54908","443","388609","0x0010"
"455","Mar 21, 2024 18:05:59.995142000 UTC","172.28.0.2","76","89.191.237.192","6","54908","443","388609","0x0018"
"456","Mar 21, 2024 18:05:59.995318000 UTC","172.28.0.2","52","89.191.237.192","6","54908","443","388609","0x0011"
"457","Mar 21, 2024 18:06:00.119879000 UTC","89.191.237.192","52","172.28.0.2","6","443","54908","842","0x0010"
"458","Mar 21, 2024 18:06:00.119881000 UTC","89.191.237.192","52","172.28.0.2","6","443","54908","843","0x0011"
"459","Mar 21, 2024 18:06:00.120089000 UTC","172.28.0.2","52","89.191.237.192","6","54908","443","388610","0x0010"
"460","Mar 21, 2024 18:07:22.411494000 UTC","172.28.0.2","60","185.79.236.174","6","54232","443","0","0x0002"
"461","Mar 21, 2024 18:07:22.539999000 UTC","185.79.236.174","60","172.28.0.2","6","443","54232","1","0x0012"
"462","Mar 21, 2024 18:07:22.540305000 UTC","172.28.0.2","52","185.79.236.174","6","54232","443","1","0x0010"
"463","Mar 21, 2024 18:07:22.544414000 UTC","172.28.0.2","569","185.79.236.174","6","54232","443","1","0x0018"
"464","Mar 21, 2024 18:07:22.672424000 UTC","185.79.236.174","52","172.28.0.2","6","443","54232","518","0x0010"
"465","Mar 21, 2024 18:07:22.673837000 UTC","185.79.236.174","3189","172.28.0.2","6","443","54232","518","0x0018"
"466","Mar 21, 2024 18:07:22.674061000 UTC","172.28.0.2","52","185.79.236.174","6","54232","443","3138","0x0010"
"467","Mar 21, 2024 18:07:22.676982000 UTC","172.28.0.2","132","185.79.236.174","6","54232","443","3138","0x0018"
"468","Mar 21, 2024 18:07:22.677359000 UTC","172.28.0.2","98","185.79.236.174","6","54232","443","3138","0x0018"
"469","Mar 21, 2024 18:07:22.677518000 UTC","172.28.0.2","101","185.79.236.174","6","54232","443","3138","0x0018"
"470","Mar 21, 2024 18:07:22.677631000 UTC","172.28.0.2","87","185.79.236.174","6","54232","443","3138","0x0018"
"471","Mar 21, 2024 18:07:22.677764000 UTC","172.28.0.2","111","185.79.236.174","6","54232","443","3138","0x0018"
"472","Mar 21, 2024 18:07:22.805102000 UTC","185.79.236.174","339","172.28.0.2","6","443","54232","598","0x0018"
"473","Mar 21, 2024 18:07:22.805343000 UTC","185.79.236.174","339","172.28.0.2","6","443","54232","644","0x0018"
"474","Mar 21, 2024 18:07:22.805344000 UTC","185.79.236.174","114","172.28.0.2","6","443","54232","644","0x0018"
"475","Mar 21, 2024 18:07:22.805345000 UTC","185.79.236.174","83","172.28.0.2","6","443","54232","693","0x0018"
"476","Mar 21, 2024 18:07:22.805711000 UTC","185.79.236.174","52","172.28.0.2","6","443","54232","787","0x0010"
"477","Mar 21, 2024 18:07:22.805828000 UTC","172.28.0.2","83","185.79.236.174","6","54232","443","3805","0x0018"
"478","Mar 21, 2024 18:07:22.806009000 UTC","185.79.236.174","8740","172.28.0.2","6","443","54232","787","0x0010"
"479","Mar 21, 2024 18:07:22.806138000 UTC","172.28.0.2","52","185.79.236.174","6","54232","443","12493","0x0010"
"480","Mar 21, 2024 18:07:22.934256000 UTC","185.79.236.174","29012","172.28.0.2","6","443","54232","818","0x0010"
"481","Mar 21, 2024 18:07:22.934709000 UTC","172.28.0.2","52","185.79.236.174","6","54232","443","41453","0x0010"
"482","Mar 21, 2024 18:07:23.062827000 UTC","185.79.236.174","34804","172.28.0.2","6","443","54232","818","0x0018"
"483","Mar 21, 2024 18:07:23.063232000 UTC","172.28.0.2","52","185.79.236.174","6","54232","443","76205","0x0010"
"484","Mar 21, 2024 18:07:23.063369000 UTC","185.79.236.174","23220","172.28.0.2","6","443","54232","818","0x0010"
"485","Mar 21, 2024 18:07:23.063579000 UTC","172.28.0.2","52","185.79.236.174","6","54232","443","99373","0x0010"
"486","Mar 21, 2024 18:07:23.191325000 UTC","185.79.236.174","56524","172.28.0.2","6","443","54232","818","0x0010"
"487","Mar 21, 2024 18:07:23.191896000 UTC","172.28.0.2","52","185.79.236.174","6","54232","443","155845","0x0010"
"488","Mar 21, 2024 18:07:23.192459000 UTC","185.79.236.174","13084","172.28.0.2","6","443","54232","818","0x0010"
"489","Mar 21, 2024 18:07:23.192619000 UTC","172.28.0.2","52","185.79.236.174","6","54232","443","168877","0x0010"
"490","Mar 21, 2024 18:07:23.192461000 UTC","185.79.236.174","2948","172.28.0.2","6","443","54232","818","0x0018"
"491","Mar 21, 2024 18:07:23.192736000 UTC","172.28.0.2","52","185.79.236.174","6","54232","443","171773","0x0010"
"492","Mar 21, 2024 18:07:23.192462000 UTC","185.79.236.174","11636","172.28.0.2","6","443","54232","818","0x0010"
"493","Mar 21, 2024 18:07:23.192865000 UTC","172.28.0.2","52","185.79.236.174","6","54232","443","183357","0x0010"
"494","Mar 21, 2024 18:07:23.319967000 UTC","185.79.236.174","23220","172.28.0.2","6","443","54232","818","0x0010"
"495","Mar 21, 2024 18:07:23.320332000 UTC","172.28.0.2","52","185.79.236.174","6","54232","443","206525","0x0010"
"496","Mar 21, 2024 18:07:23.320470000 UTC","185.79.236.174","56524","172.28.0.2","6","443","54232","818","0x0010"
"497","Mar 21, 2024 18:07:23.320863000 UTC","172.28.0.2","52","185.79.236.174","6","54232","443","262997","0x0010"
"498","Mar 21, 2024 18:07:23.320471000 UTC","185.79.236.174","56524","172.28.0.2","6","443","54232","818","0x0010"
"499","Mar 21, 2024 18:07:23.320472000 UTC","185.79.236.174","8740","172.28.0.2","6","443","54232","818","0x0010"
"500","Mar 21, 2024 18:07:23.321546000 UTC","185.79.236.174","31908","172.28.0.2","6","443","54232","818","0x0010"
"501","Mar 21, 2024 18:07:23.321548000 UTC","185.79.236.174","21772","172.28.0.2","6","443","54232","818","0x0010"
"502","Mar 21, 2024 18:07:23.322348000 UTC","172.28.0.2","52","185.79.236.174","6","54232","443","381733","0x0010"
"503","Mar 21, 2024 18:07:23.448196000 UTC","185.79.236.174","6928","172.28.0.2","6","443","54232","818","0x0018"
"504","Mar 21, 2024 18:07:23.448544000 UTC","172.28.0.2","52","185.79.236.174","6","54232","443","388609","0x0010"
"505","Mar 21, 2024 18:07:23.449108000 UTC","172.28.0.2","76","185.79.236.174","6","54232","443","388609","0x0018"
"506","Mar 21, 2024 18:07:23.449316000 UTC","172.28.0.2","52","185.79.236.174","6","54232","443","388609","0x0011"
"507","Mar 21, 2024 18:07:23.577092000 UTC","185.79.236.174","52","172.28.0.2","6","443","54232","842","0x0011"
"508","Mar 21, 2024 18:07:23.577327000 UTC","172.28.0.2","52","185.79.236.174","6","54232","443","388610","0x0010"
"509","Mar 21, 2024 18:07:23.577428000 UTC","185.79.236.174","52","172.28.0.2","6","443","54232","843","0x0010"
